{
  "TemplateAnnotation":  {"1":{"x":0.21975427796327232,"y":0.47147019120408995,"z":1},"2":{"x":0.22673205342237082,"y":0.5622913188647742,"z":1},"3":{"x":0.23586185308848095,"y":0.6379382303839728,"z":1},"4":{"x":0.2457823586185311,"y":0.7035545896807175,"z":1},"5":{"x":0.271867500521703,"y":0.7713759586289646,"z":1},"6":{"x":0.31725564743322215,"y":0.8141555913501665,"z":1},"7":{"x":0.36420890285893165,"y":0.8532833042049244,"z":1},"8":{"x":0.4208136607888149,"y":0.8929327198977458,"z":1},"9":{"x":0.4985473836602671,"y":0.9093663592967439,"z":1},"10":{"x":0.5708032267320534,"y":0.8968454911832215,"z":1},"11":{"x":0.6401897041944907,"y":0.8493705329194484,"z":1},"12":{"x":0.6820563569490818,"y":0.8143186234870612,"z":1},"13":{"x":0.7286835481010019,"y":0.7691652428526707,"z":1},"14":{"x":0.7531383686352257,"y":0.7072130308326374,"z":1},"15":{"x":0.762105136164441,"y":0.6512864865922366,"z":1},"16":{"x":0.7717696812395664,"y":0.5709116431030881,"z":1},"17":{"x":0.7814668327420706,"y":0.469988229079716,"z":1},"18":{"x":0.28374856939299953,"y":0.405057929394042,"z":1},"19":{"x":0.3155398360874903,"y":0.39323809946916727,"z":1},"20":{"x":0.3562978703111965,"y":0.39242293878469314,"z":1},"21":{"x":0.3970559045349026,"y":0.3989442242604861,"z":1},"22":{"x":0.4361836173896605,"y":0.41198679521207204,"z":1},"23":{"x":0.5656311340841513,"y":0.41195418878469314,"z":1},"24":{"x":0.6074169228988426,"y":0.3992389863639922,"z":1},"25":{"x":0.6400233502778077,"y":0.3927177008881992,"z":1},"26":{"x":0.683226866554936,"y":0.3951631829416215,"z":1},"27":{"x":0.716648454618375,"y":0.404945111155311,"z":1},"28":{"x":0.4992940097101953,"y":0.47227738369287353,"z":1},"29":{"x":0.4992940097101953,"y":0.5270561816895346,"z":1},"30":{"x":0.4992940097101953,"y":0.5805307225910371,"z":1},"31":{"x":0.4979897526150367,"y":0.6392222918731738,"z":1},"32":{"x":0.45103649718932715,"y":0.6561776341102357,"z":1},"33":{"x":0.47451312490218195,"y":0.6600904053957114,"z":1},"34":{"x":0.4979897526150367,"y":0.667915947966663,"z":1},"35":{"x":0.5214663803278914,"y":0.6587861483005528,"z":1},"36":{"x":0.5462472651359047,"y":0.6574818912053942,"z":1},"37":{"x":0.3106747940904126,"y":0.48036866864696376,"z":1},"38":{"x":0.3449115428383257,"y":0.4575441694816883,"z":1},"39":{"x":0.3970818266446695,"y":0.45672900879721423,"z":1},"40":{"x":0.4329488967615309,"y":0.48281415070038614,"z":1},"41":{"x":0.3954515052757213,"y":0.501562846443291,"z":1},"42":{"x":0.3457267035227999,"y":0.4983022037053944,"z":1},"43":{"x":0.5658200883308129,"y":0.48309130533310746,"z":1},"44":{"x":0.6040307454155375,"y":0.45659858308769846,"z":1},"45":{"x":0.6473361567782252,"y":0.45659858308769846,"z":1},"46":{"x":0.6870752401463387,"y":0.48105340362192217,"z":1},"47":{"x":0.6503930093450032,"y":0.49990399445038625,"z":1},"48":{"x":0.6040307454155375,"y":0.5019418961615715,"z":1},"49":{"x":0.3711303710937514,"y":0.7250252903602358,"z":1},"50":{"x":0.4298219403758883,"y":0.7276338045505529,"z":1},"51":{"x":0.47416668161128056,"y":0.7198082619796015,"z":1},"52":{"x":0.5002518235144524,"y":0.7250252903602358,"z":1},"53":{"x":0.5263369654176243,"y":0.72111251907476,"z":1},"54":{"x":0.5798115063191267,"y":0.7276338045505529,"z":1},"55":{"x":0.6293732759351535,"y":0.7224167761699186,"z":1},"56":{"x":0.5863327917949198,"y":0.7719785457859453,"z":1},"57":{"x":0.5524221073207963,"y":0.8058892302600688,"z":1},"58":{"x":0.5041645947999283,"y":0.8202360583068132,"z":1},"59":{"x":0.44808153970810854,"y":0.8058892302600688,"z":1},"60":{"x":0.41286659813882653,"y":0.7693700315956281,"z":1},"61":{"x":0.3972155129969234,"y":0.7341550900263458,"z":1},"62":{"x":0.45590708227906024,"y":0.7431218575555611,"z":1},"63":{"x":0.49829543787171454,"y":0.7504583037158282,"z":1},"64":{"x":0.5529112037314807,"y":0.7439370182400353,"z":1},"65":{"x":0.6034511661688763,"y":0.73497025071082,"z":1},"66":{"x":0.5553566857849032,"y":0.7724676421966296,"z":1},"67":{"x":0.49992575924066285,"y":0.7789889276724227,"z":1},"68":{"x":0.44286451132747423,"y":0.769206999458733,"z":1}},
  
  "categories": [
    {
      "Face Contour": [
        1, 2, 3, 4, 5, 6, 7, 8, 9, 10, 11, 12, 13, 14, 15, 16, 17
      ]
    },
    {
      "Left Brow": [
        18, 19, 20, 21, 22
      ],
      "Right Brow": [
        23, 24, 25, 26, 27
      ]
    },
    {
      "Nose": [
        28, 29, 30, 31, 32, 33, 34, 35, 36
      ]
    },
    {
      "Left Eye": [
        37, 38, 39, 40, 41, 42
      ],
      "Right Eye": [
        43, 44, 45, 46, 47, 48
      ]
    },
    {
      "Mouth": [
        49, 50, 51, 52, 53, 54, 55, 56, 57, 58, 59, 60, 61, 62, 63, 64, 65, 66, 67, 68
      ]
    }
  ]
}
